<?xml version="1.0" encoding="UTF-8" standalone="yes"?>
<?xml-stylesheet type="text/xsl" href="modx.prosilver.en.xsl"?>
<!--NOTICE: Please open this file in your web browser. If presented with a security warning, you may safely tell it to allow the blocked content.-->
<!--For security purposes, please check: http://www.phpbb.com/mods/ for the latest version of this MOD.\nAlthough MODs are checked before being allowed in the MODs Database there is no guarantee that there are no security problems within the MOD.\nNo support will be given for MODs not found within the MODs Database which can be found at http://www.phpbb.com/mods/-->
<mod xmlns:xsi="http://www.w3.org/2001/XMLSchema-instance" xmlns="http://www.phpbb.com/mods/xml/modx-1.2.5.xsd">
	<header>
		<meta name="generator" content="MODX file generated with PP MODX Creator by tumba25 (online version)"/>
		<meta name="generator" content="MODX file generated by MODX Generator by tumba25"/>
		<license><![CDATA[http://opensource.org/licenses/gpl-license.php GNU General Public License v2]]></license>
		<title lang="en"><![CDATA[PM Read Notification]]></title>
		<title lang="nl"><![CDATA[Privébericht leesbevestiging]]></title>
		<description lang="en"><![CDATA[Allows the user to send a Private Message with Read Notification enabled. When the recipient opens the PM, the sender will receive a message with the exact date and time the message was opened. Reason to create this was the ability to have timed questions / puzzles for our forumboard organised games.]]></description>
		<description lang="nl"><![CDATA[Geeft de gebruiker de mogelijkheid om privéberichten te sturen met leesbevestiging ingeschakeld. Wanneer de ontvanger het bericht opent, zal de zender van het bericht een leesbevestigingsbericht ontvangen met de exacte datum en tijd van het openen van het bericht. Reden om dit te maken was de mogelijkheid om tijdgebonden opdrachten te maken voor onze forumspellen.]]></description>
		<author-group>
			<author>
				<realname><![CDATA[Timothy van der Ham]]></realname>
				<username><![CDATA[Tim81]]></username>
			</author>
		</author-group>
		<mod-version>1.0.2</mod-version>
		<installation>
			<level>easy</level>
			<time>300</time>
			<target-version>3.0.8</target-version>
		</installation>
	</header>
	<action-group>
		<copy>
			<file from="root/readnotify_installer.php" to="readnotify_installer.php"/>
			<file from="root/language/en/mods/pm_readnotify_lang.php" to="language/en/mods/pm_readnotify_lang.php"/>
			<file from="root/umil/*.*" to="umil/*.*"/>
		</copy>
		<open src="includes/functions_privmsgs.php">
			<edit>
				<find><![CDATA[				'author_id'		=> (int) $data['from_user_id'],]]></find>
				<action type="after-add"><![CDATA[				'pm_notify_read' => (int) $data['notify_read'],]]></action>
			</edit>
		</open>
		<open src="includes/ucp/ucp_pm_compose.php">
			<edit>
				<find><![CDATA[		$enable_smilies		= (!$smilies_status || isset($_POST['disable_smilies'])) ? false : true;]]></find>
				<action type="after-add"><![CDATA[		$notify_read		= (($auth->acl_get('u_pm_readnotify')) && isset($_POST['notify_read'])) ? true : false;]]></action>
			</edit>
			<edit>
				<find><![CDATA[				'enable_urls'			=> (bool) $enable_urls,]]></find>
				<action type="after-add"><![CDATA[				'notify_read'			=> (bool) $notify_read,]]></action>
			</edit>
			<edit>
				<find><![CDATA[		'S_FORM_ENCTYPE'		=> $form_enctype,]]></find>
				<action type="after-add"><![CDATA[		'S_PM_ALLOW_NOTIFY'		=> ($auth->acl_get('u_pm_readnotify')) ? true : false,]]></action>
			</edit>
		</open>
		<open src="includes/ucp/ucp_pm_viewmessage.php">
			<edit>
				<find><![CDATA[			$template->assign_var('S_DISPLAY_HISTORY', true);
		}]]></find>
				<action type="after-add"><![CDATA[		}

	$msg_id		= intval($message_row['msg_id']);
	$user_id	= intval($user->data['user_id']);
	$sql = 'SELECT pm_notify_read FROM ' . PRIVMSGS_TO_TABLE . " WHERE user_id = {$user_id} AND msg_id = {$msg_id}";
	$result = $db->sql_query($sql);
	$notify_row = $db->sql_fetchrow($result);

	if ($notify_row['pm_notify_read'] && $user->data['user_id'] != $message_row['author_id']) {
		$subject	= utf8_normalize_nfc(sprintf($user->lang['PM_READ_NOTIFY_SUBJECT'], $message_row['message_subject']));
		$text		= utf8_normalize_nfc(sprintf($user->lang['PM_READ_NOTIFY_TEXT'], $user->format_date(time(), false, true)));

		// variables to hold the parameters for submit_pm
		$poll = $uid = $bitfield = $options = '';
		generate_text_for_storage($subject, $uid, $bitfield, $options, false, false, false);
		generate_text_for_storage($text, $uid, $bitfield, $options, true, true, true);

		$data = array(
			'address_list'		=> array ('u' => array($message_row['author_id'] => 'to')),
			'from_user_id'		=> $user->data['user_id'],
			'from_username'		=> $user->data['username'],
			'icon_id'			=> 0,
			'from_user_ip'		=> $user->data['user_ip'],

			'enable_bbcode'		=> true,
			'enable_smilies'	=> true,
			'enable_urls'		=> true,
			'enable_sig'		=> true,

			'message'			=> $text,
			'bbcode_bitfield'	=> $bitfield,
			'bbcode_uid'		=> $uid,
		);

		submit_pm('post', $subject, $data, false);

		$sql = 'UPDATE ' . PRIVMSGS_TO_TABLE . " SET pm_notify_read = 0 WHERE msg_id = {$msg_id} AND user_id = {$user_id}";
		$db->sql_query($sql);]]></action>
			</edit>
		</open>
		<open src="language/en/ucp.php">
			<edit>
				<find><![CDATA[	'NO_NONMEMBER'	=> 'No non-member groups',]]></find>
				<action type="after-add"><![CDATA[	// PM notification MOD
	'PM_READ_NOTIFY_SUBJECT'	=> 'Read: %s',
	'PM_READ_NOTIFY_TEXT'		=> 'Your PM has been read at %s ',
	'PM_NOTIFY_READ'			=> 'Enable read notification for this PM']]></action>
			</edit>
		</open>
		<open src="language/en/acp/permissions_phpbb.php">
			<edit>
				<find><![CDATA[	'acl_u_pm_flash'	=> array('lang' => 'Can use [flash] BBCode tag in private messages', 'cat' => 'pm'),]]></find>
				<action type="after-add"><![CDATA[	'acl_u_pm_readnotify'	=> array('lang' => 'Can use the PM Read notification', 'cat' => 'pm'),]]></action>
			</edit>
		</open>
		<open src="styles/prosilver/template/posting_editor.html">
			<edit>
				<find><![CDATA[				<div><label for="disable_bbcode"><input type="checkbox" name="disable_bbcode" id="disable_bbcode"{S_BBCODE_CHECKED} /> {L_DISABLE_BBCODE}</label></div>]]></find>
				<action type="after-add"><![CDATA[			<!-- ENDIF -->
			<!-- IF S_PRIVMSGS and S_PM_ALLOW_NOTIFY -->
				<div><label for="notify_read"><input type="checkbox" name="notify_read" id="notify_read" /> {L_PM_NOTIFY_READ}</label></div>]]></action>
			</edit>
		</open>
		<php-installer><![CDATA[readnotify_installer.php]]></php-installer>
		<diy-instructions lang="en"><![CDATA[After installation:

Run readnotify_installer.php to create the needed database field and user permissions as well purging the cache / refresh your styles.


To have it functional, a user or group that needs this ability needs to have the permission set to YES ( No by default )]]></diy-instructions>
	</action-group>
</mod>
